category,sub_category,sales,profit,margin_pct,units,sales_rank,worst_profit_in_cat
Technology,Phones,330007.05,44515.73,13.49,3289,1,3
Furniture,Chairs,328449.1,26590.17,8.1,2356,2,4
Office Supplies,Storage,223843.61,21278.83,9.51,3158,3,7
Furniture,Tables,206965.53,-17725.48,-8.56,1241,4,1
Office Supplies,Binders,203412.73,30221.76,14.86,5974,5,8
Technology,Machines,189238.63,3384.76,1.79,440,6,1
Technology,Accessories,167380.32,41936.64,25.05,2976,7,2
Technology,Copiers,149528.03,55617.82,37.2,234,8,4
Furniture,Bookcases,114880.0,-3472.56,-3.02,868,9,2
Office Supplies,Appliances,107532.16,18138.01,16.87,1729,10,6
Furniture,Furnishings,91705.16,13059.14,14.24,3563,11,3
Office Supplies,Paper,78479.21,34053.57,43.39,5178,12,9
Office Supplies,Supplies,46673.54,-1189.1,-2.55,647,13,1
Office Supplies,Art,27118.79,6527.79,24.07,3000,14,4
Office Supplies,Envelopes,16476.4,6964.18,42.27,906,15,5
Office Supplies,Labels,12486.31,5546.25,44.42,1400,16,3
Office Supplies,Fasteners,3024.28,949.52,31.4,914,17,2
