year_month,year,month,sales,profit,orders,avg_order_value
2014-01,2014,1,14236.9,2450.19,32,444.9
2014-02,2014,2,4519.89,862.31,28,161.42
2014-03,2014,3,55691.01,498.73,71,784.38
2014-04,2014,4,28295.35,3488.84,66,428.72
2014-05,2014,5,23648.29,2738.71,69,342.73
2014-06,2014,6,34595.13,4976.52,66,524.17
2014-07,2014,7,33946.39,-841.48,65,522.25
2014-08,2014,8,27909.47,5318.1,72,387.63
2014-09,2014,9,81777.35,8328.1,130,629.06
2014-10,2014,10,31453.39,3448.26,78,403.25
2014-11,2014,11,78628.72,9292.13,151,520.72
2014-12,2014,12,69545.62,8983.57,141,493.23
2015-01,2015,1,18174.08,-3281.01,29,626.69
2015-02,2015,2,11951.41,2813.85,36,331.98
2015-03,2015,3,38726.25,9732.1,79,490.21
2015-04,2015,4,34195.21,4187.5,72,474.93
2015-05,2015,5,30131.69,4667.87,74,407.18
2015-06,2015,6,24797.29,3335.56,68,364.67
2015-07,2015,7,28765.33,3288.65,66,435.84
2015-08,2015,8,36898.33,5355.81,68,542.62
2015-09,2015,9,64595.92,8209.16,140,461.4
2015-10,2015,10,31404.92,2817.37,87,360.98
2015-11,2015,11,75972.56,12474.79,158,480.84
2015-12,2015,12,74919.52,8016.97,161,465.34
2016-01,2016,1,18542.49,2824.82,48,386.3
2016-02,2016,2,22978.82,5004.58,45,510.64
2016-03,2016,3,51715.88,3611.97,86,601.35
2016-04,2016,4,38750.04,2977.81,89,435.39
2016-05,2016,5,56987.73,8662.15,108,527.66
2016-06,2016,6,40344.53,4750.38,97,415.92
2016-07,2016,7,39261.96,4432.88,96,408.98
2016-08,2016,8,31115.37,2062.07,90,345.73
2016-09,2016,9,73410.02,9328.66,192,382.34
2016-10,2016,10,59687.75,16243.14,105,568.45
2016-11,2016,11,79411.97,4011.41,183,433.95
2016-12,2016,12,96999.04,17885.31,176,551.13
2017-01,2017,1,43971.37,7140.44,69,637.27
2017-02,2017,2,20301.13,1613.87,53,383.04
2017-03,2017,3,58872.35,14751.89,118,498.92
2017-04,2017,4,36521.54,933.29,116,314.84
2017-05,2017,5,44261.11,6342.58,118,375.09
2017-06,2017,6,52981.73,8223.34,133,398.36
2017-07,2017,7,45264.42,6952.62,111,407.79
2017-08,2017,8,63120.89,9040.96,111,568.66
2017-09,2017,9,87866.65,10991.56,226,388.79
2017-10,2017,10,77776.92,9275.28,147,529.09
2017-11,2017,11,118447.82,9690.1,261,453.82
2017-12,2017,12,83829.32,8483.35,224,374.24
